,p_id,p_f_type,p_start,p_area,p_axis,p_eccentricity,p_neighbor_same,p_neighbor_diff,m_id,m_f_type,m_start,m_area,m_axis,m_eccentricity,m_neighbor_same,m_neighbor_diff,p_angle,m_angle,p_angle_index,m_angle_index,center_dist,nearest_dist,flag,time_measure,time_0,ref,image,resolution,bin
0,7,1,-178,1139.0,40.053111924903135,0.40982201769748744,2,2,15,2,-143,1102.0,41.25130279026265,0.5598983383666754,2,2,0.3978347547679557,0.8174108036794738,34,51,38.102532203193434,1.2475505795842474,True,37,178,7,YAV2104xYAV2105_005_01_rigid_003002.tif,0.1296,2.0
1,7,1,-178,1139.0,40.053111924903135,0.40982201769748744,2,2,16,2,-143,1067.0,43.09164211740683,0.6699097391752112,4,2,1.0476188463563698,1.151654636868149,40,48,59.58360433132141,22.013941355552248,False,37,178,7,YAV2104xYAV2105_005_01_rigid_003002.tif,0.1296,2.0
2,7,1,-178,1139.0,40.053111924903135,0.40982201769748744,2,2,15,2,-143,1102.0,41.25130279026265,0.5598983383666754,2,2,0.3978347547679557,0.8174108036794738,34,51,38.102532203193434,1.2475505795842474,True,37,178,15,YAV2104xYAV2105_005_01_rigid_003002.tif,0.1296,2.0
3,9,1,-178,1295.0,50.85761758322498,0.7640266745609591,2,3,15,2,-143,1102.0,41.25130279026265,0.5598983383666754,2,2,0.36379686168285263,1.2999102830000462,4,42,55.29002151234974,13.033990500576577,False,37,178,15,YAV2104xYAV2105_005_01_rigid_003002.tif,0.1296,2.0
0,23,1,-154,1078.0,45.90887737137604,0.7450933983605811,5,1,18,2,-170,1465.0,50.4163670260614,0.6725257689739137,1,3,0.8431768726147242,0.6489016465906325,39,23,45.140458005884746,5.173914298556187,True,29,170,23,YAV2104xYAV2105_005_01_rigid_003003.tif,0.1296,2.0
1,9,1,-170,1226.0,49.05522007440373,0.7504198227092891,2,1,18,2,-170,1465.0,50.4163670260614,0.6725257689739137,1,3,0.3566867573408552,0.16912222450335745,33,28,95.23124237701126,49.24658950159368,False,29,170,18,YAV2104xYAV2105_005_01_rigid_003003.tif,0.1296,2.0
2,10,1,-170,1987.0,62.787999124145095,0.7609316121371958,1,2,18,2,-170,1465.0,50.4163670260614,0.6725257689739137,1,3,0.7297582073785662,0.2045343571406395,52,32,109.26430830880092,58.83722846198122,False,29,170,18,YAV2104xYAV2105_005_01_rigid_003003.tif,0.1296,2.0
3,23,1,-154,1078.0,45.90887737137604,0.7450933983605811,5,1,18,2,-170,1465.0,50.4163670260614,0.6725257689739137,1,3,0.8431768726147242,0.6489016465906325,39,23,45.140458005884746,5.173914298556187,True,29,170,18,YAV2104xYAV2105_005_01_rigid_003003.tif,0.1296,2.0
0,18,1,-145,962.0,39.06064653642845,0.5849390815702499,2,1,10,2,-145,1736.0,55.720599383068155,0.6990987906746318,2,2,0.3302321462168907,0.3292492311159325,56,26,112.07195728961665,65.8691023815054,False,4,145,10,YAV2104xYAV2105_005_01_rigid_004002.tif,0.1296,2.0
1,19,1,-145,1671.0,55.4945686503696,0.7212322731693721,2,1,10,2,-145,1736.0,55.720599383068155,0.6990987906746318,2,2,1.504948507801808,0.31464903859152926,15,33,107.27647907689746,60.884869679249896,False,4,145,10,YAV2104xYAV2105_005_01_rigid_004002.tif,0.1296,2.0
0,7,1,-185,1270.0,47.46278530322306,0.6947177585600776,1,3,8,2,-185,1133.0,43.143979743076066,0.6201686963904984,2,1,0.981328978772126,1.0136934641542412,20,10,82.39341859485722,44.00470561609232,False,44,185,8,YAV2104xYAV2105_005_02_rigid_003003.tif,0.1296,2.0
0,5,1,-194,1617.0,52.43898079214716,0.6518795164637798,0,3,6,2,-194,1062.0,45.06591537158206,0.738359581666325,2,3,1.5208044220715111,0.3031745483918602,15,56,70.28250601574581,26.070179785724417,False,53,194,6,YAV2104xYAV2105_005_05_rigid_003008.tif,0.1296,2.0
1,10,1,-160,1086.0,41.71694645246162,0.6029582628355129,1,1,6,2,-194,1062.0,45.06591537158206,0.738359581666325,2,3,0.0,0.1169239613928239,0,30,103.53860435151067,62.22607915082449,False,53,194,6,YAV2104xYAV2105_005_05_rigid_003008.tif,0.1296,2.0
2,11,1,-160,1017.0,40.14262845395293,0.5886590934199736,1,1,6,2,-194,1062.0,45.06591537158206,0.738359581666325,2,3,1.2723841272499132,0.5245178884471158,17,34,127.52370660269341,89.97508447974423,False,53,194,6,YAV2104xYAV2105_005_05_rigid_003008.tif,0.1296,2.0
0,16,1,-237,1346.0,48.18223160497166,0.6726602438111603,1,3,8,2,-237,1184.0,45.940656690769735,0.6922650767128954,2,2,0.8878958762524922,0.22470239930837677,9,32,75.42555188798055,32.027011080177175,False,96,237,16,YAV2104xYAV2105_005_05_rigid_004004.tif,0.1296,2.0
1,16,1,-237,1346.0,48.18223160497166,0.6726602438111603,1,3,11,2,-237,994.0,40.64327068685276,0.6311372953138504,2,2,1.548707789054468,0.7065457542566342,15,37,38.19575508165629,2.924472151797996,False,96,237,16,YAV2104xYAV2105_005_05_rigid_004004.tif,0.1296,2.0
2,16,1,-237,1346.0,48.18223160497166,0.6726602438111603,1,3,15,2,-237,1612.0,60.26917834352276,0.8193834710577109,2,2,0.2574690894535565,0.3328885542194165,27,4,66.59159170198784,15.54951287109227,False,96,237,16,YAV2104xYAV2105_005_05_rigid_004004.tif,0.1296,2.0
0,10,1,-187,1351.0,50.23806781336639,0.7258190605056583,1,1,13,2,-162,1211.0,43.57894878039884,0.5786905025487413,1,1,0.10021926964566763,1.2436811865164668,28,42,171.98753650900485,129.13355501007413,False,46,187,13,YAV2104xYAV2105_005_06_rigid_003002.tif,0.1296,2.0
0,15,1,-204,1193.0,42.80903646627414,0.5555287656955389,1,2,6,2,-215,1359.0,46.07290075248372,0.5707381602854193,1,1,1.3599210754185607,0.6653106303959122,13,36,50.06088604137135,9.284385763622907,False,74,215,15,YAV2104xYAV2105_005_06_rigid_003005.tif,0.1296,2.0
1,15,1,-204,1193.0,42.80903646627414,0.5555287656955389,1,2,7,2,-215,1333.0,50.06131824433151,0.7318688571794987,1,3,0.7726387165767075,0.7951467003432953,22,51,44.697421485047045,3.0172918804920283,True,74,215,15,YAV2104xYAV2105_005_06_rigid_003005.tif,0.1296,2.0
2,14,1,-204,1287.0,47.75438973335846,0.6887771712398705,2,1,7,2,-215,1333.0,50.06131824433151,0.7318688571794987,1,3,1.210676267310972,1.297155561616787,12,42,35.367009928033134,1.4271156353440178,False,74,215,7,YAV2104xYAV2105_005_06_rigid_003005.tif,0.1296,2.0
3,15,1,-204,1193.0,42.80903646627414,0.5555287656955389,1,2,7,2,-215,1333.0,50.06131824433151,0.7318688571794987,1,3,0.7726387165767075,0.7951467003432953,22,51,44.697421485047045,3.0172918804920283,True,74,215,7,YAV2104xYAV2105_005_06_rigid_003005.tif,0.1296,2.0
4,17,1,-190,1286.0,44.45380743646158,0.5570554249145737,1,1,7,2,-215,1333.0,50.06131824433151,0.7318688571794987,1,3,0.7929288711470206,0.18547516606410674,8,31,134.95426203059984,89.54384631497321,False,74,215,7,YAV2104xYAV2105_005_06_rigid_003005.tif,0.1296,2.0
0,14,1,-177,1326.0,47.30933617399752,0.6527892502735597,2,1,10,2,-199,1092.0,45.23607711012621,0.7245091284312566,1,5,1.2746420571576447,1.090898607928823,12,41,32.53847015260711,0.03745137767043616,True,70,211,14,YAV2104xYAV2105_005_06_rigid_003009.tif,0.1296,2.0
1,2,1,-211,1524.0,54.511559506649064,0.7529142360724604,2,1,10,2,-199,1092.0,45.23607711012621,0.7245091284312566,1,5,0.27555338644502037,0.07136143800475203,33,29,48.58959719630429,2.3649670749090026,False,70,211,10,YAV2104xYAV2105_005_06_rigid_003009.tif,0.1296,2.0
2,3,1,-211,1214.0,47.48402054650945,0.7250350497718523,2,2,10,2,-199,1092.0,45.23607711012621,0.7245091284312566,1,5,0.4624286644489004,1.3698436933911833,25,13,35.03118519796054,1.2813166681658363,False,70,211,10,YAV2104xYAV2105_005_06_rigid_003009.tif,0.1296,2.0
3,7,1,-211,1306.0,48.987044854215675,0.7196624812680824,1,3,10,2,-199,1092.0,45.23607711012621,0.7245091284312566,1,5,0.1300649840629715,0.9269964895810406,31,9,59.91708948473355,16.89564189226159,False,70,211,10,YAV2104xYAV2105_005_06_rigid_003009.tif,0.1296,2.0
4,14,1,-177,1326.0,47.30933617399752,0.6527892502735597,2,1,10,2,-199,1092.0,45.23607711012621,0.7245091284312566,1,5,1.2746420571576447,1.090898607928823,12,41,32.53847015260711,0.03745137767043616,True,70,211,10,YAV2104xYAV2105_005_06_rigid_003009.tif,0.1296,2.0
5,15,1,-177,1339.0,47.05346062302568,0.6191754094539212,1,2,10,2,-199,1092.0,45.23607711012621,0.7245091284312566,1,5,0.19035096489842712,0.6742085520425629,2,52,53.12039852934329,9.204832708625723,False,70,211,10,YAV2104xYAV2105_005_06_rigid_003009.tif,0.1296,2.0
0,18,1,-150,1092.0,42.54703341978189,0.6327523323039405,1,4,3,2,-228,2026.0,67.3581373400896,0.8150157944860292,1,3,0.5382821750794395,0.9080088548408467,54,39,61.933777654815835,19.001715751134267,False,87,228,18,YAV2104xYAV2105_005_07_rigid_003002.tif,0.1296,2.0
1,18,1,-150,1092.0,42.54703341978189,0.6327523323039405,1,4,4,2,-228,1348.0,50.227699081125394,0.7182730028287073,4,2,1.4241121860677017,1.4280051189785632,43,16,34.548807272211896,3.660363524708871,False,87,228,18,YAV2104xYAV2105_005_07_rigid_003002.tif,0.1296,2.0
2,18,1,-150,1092.0,42.54703341978189,0.6327523323039405,1,4,5,2,-228,1565.0,57.41227845106192,0.7937595705500917,3,1,0.14745840964793144,0.6515923749326195,31,7,50.10164856419546,5.291521543775691,False,87,228,18,YAV2104xYAV2105_005_07_rigid_003002.tif,0.1296,2.0
3,18,1,-150,1092.0,42.54703341978189,0.6327523323039405,1,4,7,2,-228,1285.0,47.26263994201556,0.6643437305174635,5,1,0.6293848118449357,0.08295680560593333,36,28,63.16855441234722,20.029375333909684,True,87,228,18,YAV2104xYAV2105_005_07_rigid_003002.tif,0.1296,2.0
4,18,1,-150,1092.0,42.54703341978189,0.6327523323039405,1,4,7,2,-228,1285.0,47.26263994201556,0.6643437305174635,5,1,0.6293848118449357,0.08295680560593333,36,28,63.16855441234722,20.029375333909684,True,87,228,7,YAV2104xYAV2105_005_07_rigid_003002.tif,0.1296,2.0
0,8,1,-201,1363.0,47.99431633736424,0.6508491676634137,1,1,2,2,-215,1770.0,59.49520530920331,0.768753617493803,0,1,1.1007329425662622,0.30265701785398047,19,56,55.95643937032142,7.142297690793579,False,74,215,8,YAV2104xYAV2105_005_09_rigid_003001.tif,0.1296,2.0
0,5,1,-144,1465.0,55.47186987516088,0.7931874502970231,0,3,6,2,-144,1037.0,40.98616391021524,0.6116722521371868,4,1,0.6000183419682874,0.0,23,0,64.24539960790408,21.005108064875703,False,3,144,6,YAV2104xYAV2105_005_09_rigid_003002.tif,0.1296,2.0
0,14,1,-178,917.0,37.63268683266392,0.5560502453445103,1,4,6,2,-208,1122.0,44.90657946199939,0.7034992576201675,4,2,0.053385488234620304,1.5004180660335926,59,44,34.32516426647562,0.3548737948522813,True,67,208,14,YAV2104xYAV2105_005_09_rigid_003005.tif,0.1296,2.0
1,14,1,-178,917.0,37.63268683266392,0.5560502453445103,1,4,9,2,-208,1485.0,54.88508637174291,0.7764179915770191,3,2,1.0968624700043295,0.2158243520964187,49,32,50.73954015405563,7.646937238626935,False,67,208,14,YAV2104xYAV2105_005_09_rigid_003005.tif,0.1296,2.0
2,14,1,-178,917.0,37.63268683266392,0.5560502453445103,1,4,17,2,-166,912.0,37.774528235438666,0.5737885299796319,2,3,1.2358075222640714,0.03566647214128871,18,59,48.80179019017979,13.400300778357762,False,67,208,14,YAV2104xYAV2105_005_09_rigid_003005.tif,0.1296,2.0
3,14,1,-178,917.0,37.63268683266392,0.5560502453445103,1,4,19,2,-147,859.0,34.738922804060586,0.41917782422734834,3,2,0.9732553874509495,0.34613138083198525,10,33,31.921523091069673,0.7952240504446024,False,67,208,14,YAV2104xYAV2105_005_09_rigid_003005.tif,0.1296,2.0
4,14,1,-178,917.0,37.63268683266392,0.5560502453445103,1,4,6,2,-208,1122.0,44.90657946199939,0.7034992576201675,4,2,0.053385488234620304,1.5004180660335926,59,44,34.32516426647562,0.3548737948522813,True,67,208,6,YAV2104xYAV2105_005_09_rigid_003005.tif,0.1296,2.0
5,15,1,-178,1204.0,43.20040819411947,0.559250850347396,1,2,6,2,-208,1122.0,44.90657946199939,0.7034992576201675,4,2,1.5234238309808428,1.1401204211710692,14,48,60.992541393743615,24.085066613759228,False,67,208,6,YAV2104xYAV2105_005_09_rigid_003005.tif,0.1296,2.0
0,11,1,-153,1108.0,45.54750672266744,0.728763810213188,1,2,4,2,-178,1112.0,46.16952419480404,0.7459419908061145,1,4,0.12462395950579896,0.15783226343671375,29,28,53.846995877800076,7.62420438257066,False,37,178,11,YAV2104xYAV2105_005_09_rigid_004008.tif,0.1296,2.0
1,11,1,-153,1108.0,45.54750672266744,0.728763810213188,1,2,6,2,-178,1264.0,52.90971223914381,0.8121450838289532,1,3,0.9620592041279741,1.1271930421792495,20,41,31.507722567684738,0.8947281738630339,True,37,178,11,YAV2104xYAV2105_005_09_rigid_004008.tif,0.1296,2.0
2,8,1,-164,1274.0,43.13121595341419,0.4815011265261506,1,2,6,2,-178,1264.0,52.90971223914381,0.8121450838289532,1,3,1.2631981222027981,0.8470311056325084,47,20,121.78380360932182,85.37644823991457,False,37,178,6,YAV2104xYAV2105_005_09_rigid_004008.tif,0.1296,2.0
3,10,1,-153,1002.0,41.9049310781516,0.6794708961715932,2,2,6,2,-178,1264.0,52.90971223914381,0.8121450838289532,1,3,0.07388428794360363,0.6442264460710301,1,36,59.97575404370997,17.626132257643956,False,37,178,6,YAV2104xYAV2105_005_09_rigid_004008.tif,0.1296,2.0
4,11,1,-153,1108.0,45.54750672266744,0.728763810213188,1,2,6,2,-178,1264.0,52.90971223914381,0.8121450838289532,1,3,0.9620592041279741,1.1271930421792495,20,41,31.507722567684738,0.8947281738630339,True,37,178,6,YAV2104xYAV2105_005_09_rigid_004008.tif,0.1296,2.0
0,6,1,-195,1184.0,42.32816914325162,0.5381106670623768,1,1,9,2,-192,1180.0,45.44290054400976,0.6826129562606907,1,1,0.6835489611174301,0.7926253951412945,23,38,36.31841301061761,0.7269780983795825,True,79,220,6,YAV2104xYAV2105_005_09_rigid_004009.tif,0.1296,2.0
1,6,1,-195,1184.0,42.32816914325162,0.5381106670623768,1,1,9,2,-192,1180.0,45.44290054400976,0.6826129562606907,1,1,0.6835489611174301,0.7926253951412945,23,38,36.31841301061761,0.7269780983795825,True,79,220,9,YAV2104xYAV2105_005_09_rigid_004009.tif,0.1296,2.0
0,10,1,-153,1854.0,64.11766135765339,0.8161533185321977,0,4,12,2,-153,1445.0,50.86168231066637,0.6913094142491605,1,1,0.15541669304493322,0.49097755917296837,28,54,68.59955516776166,17.065363682299008,False,12,153,12,YAV2104xYAV2105_005_11_rigid_003004.tif,0.1296,2.0
0,15,1,-208,1436.0,50.102992327152236,0.6773745110266274,5,2,25,2,-179,1165.0,45.65501552435407,0.6958001496716639,5,2,1.2119315859228053,0.4179189270783237,42,55,105.77723022024902,67.62000661059423,False,67,208,15,YAV2104xYAV2105_005_11_rigid_004007.tif,0.1296,2.0
1,15,1,-208,1436.0,50.102992327152236,0.6773745110266274,5,2,28,2,-149,1348.0,48.24130279626693,0.6667528569539535,3,3,0.5342617010422286,0.5347750635791026,36,54,49.80752750985349,6.496583327181877,True,67,208,15,YAV2104xYAV2105_005_11_rigid_004007.tif,0.1296,2.0
2,10,1,-208,1511.0,50.818801019142384,0.6592957217829349,2,3,28,2,-149,1348.0,48.24130279626693,0.6667528569539535,3,3,0.5249845377210036,1.1201036468634438,54,11,60.75657413988146,17.833163518979884,False,67,208,28,YAV2104xYAV2105_005_11_rigid_004007.tif,0.1296,2.0
3,15,1,-208,1436.0,50.102992327152236,0.6773745110266274,5,2,28,2,-149,1348.0,48.24130279626693,0.6667528569539535,3,3,0.5342617010422286,0.5347750635791026,36,54,49.80752750985349,6.496583327181877,True,67,208,28,YAV2104xYAV2105_005_11_rigid_004007.tif,0.1296,2.0
4,23,1,-185,1290.0,41.94651001037733,0.3555947465112613,2,2,28,2,-149,1348.0,48.24130279626693,0.6667528569539535,3,3,1.484514138349244,1.390633917324747,14,43,77.81255608759453,40.41465260759035,False,67,208,28,YAV2104xYAV2105_005_11_rigid_004007.tif,0.1296,2.0
0,6,1,-178,1520.0,54.39526106363244,0.7469844991371113,1,3,24,2,-153,1132.0,46.34664325373101,0.7350947950289487,2,2,1.567667617992611,1.129274986773659,16,41,34.206763782464314,2.02503259239028,False,37,178,24,YAV2104xYAV2105_005_12_rigid_003005.tif,0.1296,2.0
1,10,1,-178,1324.0,50.22181993591584,0.7355379375244065,2,5,24,2,-153,1132.0,46.34664325373101,0.7350947950289487,2,2,0.2848290073955191,0.6861218990720124,56,52,62.786787480851785,18.47793855112491,False,37,178,24,YAV2104xYAV2105_005_12_rigid_003005.tif,0.1296,2.0
0,7,1,-167,1011.0,42.76076463249456,0.6990268029846735,1,5,16,2,-154,1053.0,39.0736062581067,0.4647082103254901,3,2,1.3476185272129255,0.08308061036610104,43,31,33.81613446659303,0.9552002994253286,False,26,167,7,YAV2104xYAV2105_005_12_rigid_003007.tif,0.1296,2.0
1,7,1,-167,1011.0,42.76076463249456,0.6990268029846735,1,5,17,2,-154,1288.0,44.992733951472296,0.5826679709866796,4,1,0.47278978398659754,0.7050595200201221,35,7,63.59771949731937,26.754930434626765,False,26,167,7,YAV2104xYAV2105_005_12_rigid_003007.tif,0.1296,2.0
2,7,1,-167,1011.0,42.76076463249456,0.6990268029846735,1,5,18,2,-150,1060.0,41.602801778896655,0.6188884338047714,5,1,0.12421972735398112,1.3916109978043256,28,16,42.297670644830916,3.591537132036828,True,26,167,7,YAV2104xYAV2105_005_12_rigid_003007.tif,0.1296,2.0
3,7,1,-167,1011.0,42.76076463249456,0.6990268029846735,1,5,20,2,-148,1292.0,43.59853239549028,0.48768005877293413,2,2,0.6259311648021195,1.343896360853968,6,47,42.26453564856512,4.242721257569269,False,26,167,7,YAV2104xYAV2105_005_12_rigid_003007.tif,0.1296,2.0
4,7,1,-167,1011.0,42.76076463249456,0.6990268029846735,1,5,21,2,-148,1188.0,41.60555090775648,0.47953021787443006,5,1,0.9996713646224822,1.0737698848579387,19,10,37.006493446254304,3.207365286611262,False,26,167,7,YAV2104xYAV2105_005_12_rigid_003007.tif,0.1296,2.0
5,7,1,-167,1011.0,42.76076463249456,0.6990268029846735,1,5,18,2,-150,1060.0,41.602801778896655,0.6188884338047714,5,1,0.12421972735398112,1.3916109978043256,28,16,42.297670644830916,3.591537132036828,True,26,167,18,YAV2104xYAV2105_005_12_rigid_003007.tif,0.1296,2.0
0,18,1,-195,1289.0,42.17656719577926,0.3721842582740173,3,3,10,2,-196,1480.0,48.38225341278346,0.5867985262836932,4,3,0.1240660132820941,0.7136216250195022,31,37,48.380056869843244,6.364492994095783,False,55,196,18,YAV2104xYAV2105_005_12_rigid_003008.tif,0.1296,2.0
1,18,1,-195,1289.0,42.17656719577926,0.3721842582740173,3,3,21,2,-183,1355.0,45.69679038288346,0.5587000589569207,2,2,1.1143320811304958,0.0765381834817398,19,29,119.93811932980569,77.58996122496556,False,55,196,18,YAV2104xYAV2105_005_12_rigid_003008.tif,0.1296,2.0
2,18,1,-195,1289.0,42.17656719577926,0.3721842582740173,3,3,23,2,-179,1277.0,48.43706919560924,0.7175267692104154,4,3,0.598584350271425,0.5070502037799205,24,35,71.56751436166239,29.222815488164663,True,55,196,18,YAV2104xYAV2105_005_12_rigid_003008.tif,0.1296,2.0
3,18,1,-195,1289.0,42.17656719577926,0.3721842582740173,3,3,23,2,-179,1277.0,48.43706919560924,0.7175267692104154,4,3,0.598584350271425,0.5070502037799205,24,35,71.56751436166239,29.222815488164663,True,55,196,23,YAV2104xYAV2105_005_12_rigid_003008.tif,0.1296,2.0
4,19,1,-195,1346.0,45.52490768551798,0.552337564395309,3,2,23,2,-179,1277.0,48.43706919560924,0.7175267692104154,4,3,0.7904367625437496,0.8240707062253954,22,38,100.33310041942428,59.12633983987595,False,55,196,23,YAV2104xYAV2105_005_12_rigid_003008.tif,0.1296,2.0
5,26,1,-158,1309.0,44.399619461932346,0.528500955492045,3,3,23,2,-179,1277.0,48.43706919560924,0.7175267692104154,4,3,0.3469412028083534,0.32518505626985394,56,33,122.90028523542432,77.61779077930952,False,55,196,23,YAV2104xYAV2105_005_12_rigid_003008.tif,0.1296,2.0
0,11,1,-152,1294.0,44.130872829523845,0.5167073283308712,2,2,4,2,-167,1552.0,51.0307918392957,0.6469230153805522,2,2,1.3020473716994072,1.4858939582327926,12,44,72.75336444804765,33.80231097615299,False,26,167,11,YAV2104xYAV2105_005_13_rigid_003003.tif,0.1296,2.0
1,11,1,-152,1294.0,44.130872829523845,0.5167073283308712,2,2,5,2,-167,1103.0,43.54325182757542,0.6650893429578235,2,3,1.3936103816113647,0.8531650192494968,16,51,42.7523818717069,3.601776931421214,True,26,167,11,YAV2104xYAV2105_005_13_rigid_003003.tif,0.1296,2.0
2,8,1,-167,2070.0,64.17380878310288,0.767742972160199,2,2,5,2,-167,1103.0,43.54325182757542,0.6650893429578235,2,3,0.4365279643144415,0.0940586615958074,25,1,87.40226545089446,37.1618302804678,False,26,167,5,YAV2104xYAV2105_005_13_rigid_003003.tif,0.1296,2.0
3,10,1,-152,1248.0,44.790146546652274,0.6043122094281709,2,2,5,2,-167,1103.0,43.54325182757542,0.6650893429578235,2,3,1.5663397310292257,0.764020665958006,15,38,37.0363392716561,3.954909211391723,False,26,167,5,YAV2104xYAV2105_005_13_rigid_003003.tif,0.1296,2.0
4,11,1,-152,1294.0,44.130872829523845,0.5167073283308712,2,2,5,2,-167,1103.0,43.54325182757542,0.6650893429578235,2,3,1.3936103816113647,0.8531650192494968,16,51,42.7523818717069,3.601776931421214,True,26,167,5,YAV2104xYAV2105_005_13_rigid_003003.tif,0.1296,2.0
0,5,1,-146,1524.0,60.911260800750355,0.8475087000940935,1,4,7,2,-146,1113.0,43.77103110769676,0.6620799434101835,2,2,0.4083473369444732,0.8388248390815951,25,51,48.51623170965993,4.000403040111474,False,5,146,7,YAV2104xYAV2105_005_14_rigid_003005.tif,0.1296,2.0
1,11,1,-146,1306.0,48.76797109658369,0.7043145254775743,2,3,7,2,-146,1113.0,43.77103110769676,0.6620799434101835,2,2,0.6866542199436928,0.8053468699575506,7,38,38.65025406614547,0.8762610647435839,False,5,146,7,YAV2104xYAV2105_005_14_rigid_003005.tif,0.1296,2.0
0,8,1,-153,1529.0,56.76027164402735,0.7948280953716274,0,2,9,2,-153,1283.0,47.36739841368131,0.6797920775131145,2,1,1.321737483465483,0.5379964270818975,13,54,39.81437803947518,2.2450421621525987,False,12,153,9,YAV2104xYAV2105_005_14_rigid_003008.tif,0.1296,2.0
0,6,1,-147,1271.0,46.137350480663336,0.6433534996558136,1,2,3,2,-147,1596.0,54.524457369827445,0.7281497113175176,1,1,0.046138469095530876,0.603724823148676,30,36,99.80715396408712,53.74530843182807,False,6,147,6,YAV2104xYAV2105_005_14_rigid_003009.tif,0.1296,2.0
1,6,1,-147,1271.0,46.137350480663336,0.6433534996558136,1,2,10,2,-147,1594.0,60.891636516928806,0.8330561269093306,1,3,0.51380163679642,0.6103883944370052,54,23,64.81687059990813,17.108104487245207,False,6,147,6,YAV2104xYAV2105_005_14_rigid_003009.tif,0.1296,2.0
0,28,1,-149,874.0,37.05188852889568,0.5765856749860078,1,2,25,2,-163,992.0,41.94907481451014,0.6900191963973368,1,2,1.5124949189107904,1.365934091461502,44,16,31.50320938741216,0.8835826355010349,False,28,169,28,YAV2104xYAV2105_005_15_rigid_004002.tif,0.1296,2.0
1,28,1,-149,874.0,37.05188852889568,0.5765856749860078,1,2,26,2,-163,1028.0,44.466900964600164,0.7394636776571167,1,1,0.5402084796692712,0.061652524172612466,35,28,59.06490821321069,20.23004628919752,False,28,169,28,YAV2104xYAV2105_005_15_rigid_004002.tif,0.1296,2.0
0,42,1,-149,1017.0,39.31455544728944,0.5398641603212417,3,1,37,2,-162,922.0,36.43355947655914,0.4520247658244098,2,3,0.24613763623611096,0.43820914791159593,57,25,39.669042277969794,2.234625122224805,True,80,221,42,YAV2104xYAV2105_005_15_rigid_004005.tif,0.1296,2.0
1,39,1,-159,850.0,34.86688208647691,0.4378563795842746,3,4,37,2,-162,922.0,36.43355947655914,0.4520247658244098,2,3,0.6447309875674447,1.111970607752794,53,11,33.97796666411301,3.25358328247694,False,80,221,37,YAV2104xYAV2105_005_15_rigid_004005.tif,0.1296,2.0
2,42,1,-149,1017.0,39.31455544728944,0.5398641603212417,3,1,37,2,-162,922.0,36.43355947655914,0.4520247658244098,2,3,0.24613763623611096,0.43820914791159593,57,25,39.669042277969794,2.234625122224805,True,80,221,37,YAV2104xYAV2105_005_15_rigid_004005.tif,0.1296,2.0
3,43,1,-149,1150.0,40.30679018904267,0.42659027516798653,2,3,37,2,-162,922.0,36.43355947655914,0.4520247658244098,2,3,0.09098514188939255,0.2174076182894109,31,32,38.67895529904271,1.3594488885689364,False,80,221,37,YAV2104xYAV2105_005_15_rigid_004005.tif,0.1296,2.0
0,31,1,-179,1292.0,47.28676079539866,0.6688659312202923,2,1,25,2,-195,1037.0,39.75824357794214,0.53522046667194,1,3,1.2316426960833873,0.6710765042256197,47,7,33.853515587753556,0.7074526830172475,True,67,208,31,YAV2104xYAV2105_005_16_rigid_003001.tif,0.1296,2.0
1,27,1,-189,795.0,34.93667734380782,0.5503262302877413,5,3,25,2,-195,1037.0,39.75824357794214,0.53522046667194,1,3,0.6847725039457151,0.2055305262656275,23,28,41.49620907744062,5.494552996692687,False,67,208,25,YAV2104xYAV2105_005_16_rigid_003001.tif,0.1296,2.0
2,31,1,-179,1292.0,47.28676079539866,0.6688659312202923,2,1,25,2,-195,1037.0,39.75824357794214,0.53522046667194,1,3,1.2316426960833873,0.6710765042256197,47,7,33.853515587753556,0.7074526830172475,True,67,208,25,YAV2104xYAV2105_005_16_rigid_003001.tif,0.1296,2.0
3,32,1,-179,1092.0,39.63977872171262,0.454804557306125,4,3,25,2,-195,1037.0,39.75824357794214,0.53522046667194,1,3,0.12527947014780771,0.7987654916628739,58,22,47.545305273330015,8.765857528473576,False,67,208,25,YAV2104xYAV2105_005_16_rigid_003001.tif,0.1296,2.0
0,6,1,-219,1335.0,48.62500913931484,0.6893628506258553,1,3,36,2,-189,1379.0,50.00190384397073,0.7078788375674964,1,5,0.6924210869594134,1.255232893700374,52,12,64.59805159415686,26.585264596586573,False,78,219,36,YAV2104xYAV2105_005_16_rigid_003002.tif,0.1296,2.0
1,20,1,-219,1352.0,50.950903977527325,0.7426412857046427,3,4,36,2,-189,1379.0,50.00190384397073,0.7078788375674964,1,5,0.7519517956717477,0.1257171755948101,8,28,91.01977945250941,45.13121449216,False,78,219,36,YAV2104xYAV2105_005_16_rigid_003002.tif,0.1296,2.0
2,30,1,-198,1009.0,38.348972205769954,0.449448109403958,4,1,36,2,-189,1379.0,50.00190384397073,0.7078788375674964,1,5,0.7387347137456421,1.5469924298179807,36,45,48.73906903663908,9.646969164204139,False,78,219,36,YAV2104xYAV2105_005_16_rigid_003002.tif,0.1296,2.0
3,33,1,-190,1167.0,40.36374700618528,0.38819216630603937,5,3,36,2,-189,1379.0,50.00190384397073,0.7078788375674964,1,5,0.36801901786641444,0.6088741559718089,26,53,45.8722269402736,4.03275750602637,False,78,219,36,YAV2104xYAV2105_005_16_rigid_003002.tif,0.1296,2.0
4,38,1,-187,1085.0,40.18746673532224,0.5044896368501178,2,2,36,2,-189,1379.0,50.00190384397073,0.7078788375674964,1,5,1.5402625782503114,0.13042512521524152,15,31,86.5692146178651,43.14666718400355,False,78,219,36,YAV2104xYAV2105_005_16_rigid_003002.tif,0.1296,2.0
0,32,1,-186,1059.0,42.910523738082375,0.673590000935851,4,3,14,2,-207,1263.0,49.49294674472854,0.7466087112312247,2,4,0.5358633274623301,0.9781503295161489,24,50,72.47004443881617,33.5232584975302,False,66,207,32,YAV2104xYAV2105_005_16_rigid_003008.tif,0.1296,2.0
1,32,1,-186,1059.0,42.910523738082375,0.673590000935851,4,3,17,2,-207,1072.0,41.72449464371574,0.6160295950902063,4,2,0.1913950245398981,0.18259970424925237,28,2,63.191130674269196,20.058749634111194,False,66,207,32,YAV2104xYAV2105_005_16_rigid_003008.tif,0.1296,2.0
2,32,1,-186,1059.0,42.910523738082375,0.673590000935851,4,3,18,2,-207,1010.0,44.497007740602314,0.7559806721310716,4,3,0.18074539895021235,1.0542894919001724,32,19,37.372002927502564,2.148038723491732,True,66,207,32,YAV2104xYAV2105_005_16_rigid_003008.tif,0.1296,2.0
3,20,1,-207,1395.0,51.18320240343242,0.7326124544922726,2,1,18,2,-207,1010.0,44.497007740602314,0.7559806721310716,4,3,0.7393975551449383,0.25994034185735737,37,3,43.673500856673506,3.737431849247022,False,66,207,18,YAV2104xYAV2105_005_16_rigid_003008.tif,0.1296,2.0
4,32,1,-186,1059.0,42.910523738082375,0.673590000935851,4,3,18,2,-207,1010.0,44.497007740602314,0.7559806721310716,4,3,0.18074539895021235,1.0542894919001724,32,19,37.372002927502564,2.148038723491732,True,66,207,18,YAV2104xYAV2105_005_16_rigid_003008.tif,0.1296,2.0
5,38,1,-178,1190.0,43.91605449355146,0.6082326471771009,6,3,18,2,-207,1010.0,44.497007740602314,0.7559806721310716,4,3,1.02458831677101,0.5484894775669815,49,24,58.63064338395842,20.33816655165166,False,66,207,18,YAV2104xYAV2105_005_16_rigid_003008.tif,0.1296,2.0
0,16,1,-167,1799.0,55.71153832850135,0.66992540537159,1,4,38,2,-146,1115.0,39.1152970740453,0.36749690074762287,3,1,1.3358811912414215,1.369684504261469,46,13,70.43733245270808,32.10999993921927,False,26,167,38,YAV2104xYAV2105_005_16_rigid_003010.tif,0.1296,2.0
0,29,1,-158,1291.0,49.39770958443748,0.734895865653738,1,3,10,2,-187,1695.0,57.08096461351636,0.7428208758044047,4,1,0.21590340084645288,1.0730957752596328,28,41,86.1385724682352,43.138229948449926,False,46,187,29,YAV2104xYAV2105_005_16_rigid_003012.tif,0.1296,2.0
1,29,1,-158,1291.0,49.39770958443748,0.734895865653738,1,3,27,2,-159,1093.0,40.825534698898,0.5358319013168361,2,4,0.6887802841358104,0.1257955135827804,23,31,40.21652880753353,0.4352623535309946,True,46,187,29,YAV2104xYAV2105_005_16_rigid_003012.tif,0.1296,2.0
2,29,1,-158,1291.0,49.39770958443748,0.734895865653738,1,3,31,2,-158,1081.0,39.86937911482084,0.4970574560762714,1,1,0.12915123612174462,1.0043013092427406,58,20,59.936449707947354,17.830960485269262,False,46,187,29,YAV2104xYAV2105_005_16_rigid_003012.tif,0.1296,2.0
3,22,1,-175,1254.0,44.136981612293354,0.5626374898935285,1,2,27,2,-159,1093.0,40.825534698898,0.5358319013168361,2,4,0.8623370214931714,0.7615645105123265,21,52,85.49718404080943,46.40385619116361,False,46,187,27,YAV2104xYAV2105_005_16_rigid_003012.tif,0.1296,2.0
4,23,1,-175,1110.0,41.45507185228522,0.559316919824715,2,2,27,2,-159,1093.0,40.825534698898,0.5358319013168361,2,4,0.6444465923811697,0.978518995723257,23,50,54.53977892725388,14.286704367362349,False,46,187,27,YAV2104xYAV2105_005_16_rigid_003012.tif,0.1296,2.0
5,28,1,-158,948.0,37.387752210679274,0.4854947630776746,2,2,27,2,-159,1093.0,40.825534698898,0.5358319013168361,2,4,0.6985522734344735,1.286204747525331,7,47,35.104471186703776,1.5244145010039967,False,46,187,27,YAV2104xYAV2105_005_16_rigid_003012.tif,0.1296,2.0
6,29,1,-158,1291.0,49.39770958443748,0.734895865653738,1,3,27,2,-159,1093.0,40.825534698898,0.5358319013168361,2,4,0.6887802841358104,0.1257955135827804,23,31,40.21652880753353,0.4352623535309946,True,46,187,27,YAV2104xYAV2105_005_16_rigid_003012.tif,0.1296,2.0
0,20,1,-228,1185.0,43.34435269223368,0.5861545488227705,2,6,21,2,-212,1143.0,40.89352801655868,0.4714892053083393,2,3,1.265887457934409,1.5052840654156947,17,45,45.56743925386581,10.626376139737,False,99,240,20,YAV2104xYAV2105_005_16_rigid_004009.tif,0.1296,2.0
1,20,1,-228,1185.0,43.34435269223368,0.5861545488227705,2,6,22,2,-212,1159.0,41.37536232175774,0.4926214899416987,1,3,0.6296130768642212,1.1721630093012552,23,48,57.26215078009271,15.241933113621354,False,99,240,20,YAV2104xYAV2105_005_16_rigid_004009.tif,0.1296,2.0
2,20,1,-228,1185.0,43.34435269223368,0.5861545488227705,2,6,27,2,-186,1224.0,41.40800683467348,0.40944369801227043,2,2,0.6963438006656465,1.0784426177181485,7,49,99.123275940063,61.074382179654,False,99,240,20,YAV2104xYAV2105_005_16_rigid_004009.tif,0.1296,2.0
3,20,1,-228,1185.0,43.34435269223368,0.5861545488227705,2,6,28,2,-186,948.0,38.94662253018871,0.5994669178198965,3,2,1.0367113411092495,0.43491839085158013,10,55,73.9523987801297,37.47501075852295,False,99,240,20,YAV2104xYAV2105_005_16_rigid_004009.tif,0.1296,2.0
4,20,1,-228,1185.0,43.34435269223368,0.5861545488227705,2,6,29,2,-182,1012.0,39.92213818674953,0.5828914724457859,3,2,0.3195200584722464,1.288674346066701,56,42,54.716166754929404,15.422285511734799,False,99,240,20,YAV2104xYAV2105_005_16_rigid_004009.tif,0.1296,2.0
5,20,1,-228,1185.0,43.34435269223368,0.5861545488227705,2,6,30,2,-182,1051.0,39.2439524533623,0.4876885194629182,2,2,1.1461745616824706,0.2846832219007345,48,27,38.86879041153965,2.2348516742353994,True,99,240,20,YAV2104xYAV2105_005_16_rigid_004009.tif,0.1296,2.0
6,19,1,-228,1323.0,46.94026211033242,0.6331585686617102,1,6,30,2,-182,1051.0,39.2439524533623,0.4876885194629182,2,2,0.18985396745797267,1.1604647961838803,31,19,54.60042862482409,12.518520966157935,False,99,240,30,YAV2104xYAV2105_005_16_rigid_004009.tif,0.1296,2.0
7,20,1,-228,1185.0,43.34435269223368,0.5861545488227705,2,6,30,2,-182,1051.0,39.2439524533623,0.4876885194629182,2,2,1.1461745616824706,0.2846832219007345,48,27,38.86879041153965,2.2348516742353994,True,99,240,30,YAV2104xYAV2105_005_16_rigid_004009.tif,0.1296,2.0
0,18,1,-221,1815.0,57.65741021419752,0.7155520221588834,2,2,27,2,-195,1218.0,42.817033924691714,0.5134076092539261,2,3,0.08495789045175721,1.374472760239863,1,43,46.39683158485406,2.095259121687989,False,80,221,27,YAV2104xYAV2105_005_16_rigid_004010.tif,0.1296,2.0
1,19,1,-221,1647.0,59.32354628271106,0.8013453791090159,1,3,27,2,-195,1218.0,42.817033924691714,0.5134076092539261,2,3,0.36515094213109744,0.7222928059208273,34,52,54.85072166485262,7.073859538595949,False,80,221,27,YAV2104xYAV2105_005_16_rigid_004010.tif,0.1296,2.0
2,22,1,-221,1251.0,44.675978420300915,0.6015654164930354,1,1,27,2,-195,1218.0,42.817033924691714,0.5134076092539261,2,3,1.2128571823571814,0.727111937011431,18,37,137.7833805344616,98.35423105524315,False,80,221,27,YAV2104xYAV2105_005_16_rigid_004010.tif,0.1296,2.0
0,18,1,-193,1677.0,60.08563587132476,0.8040174705775064,1,3,14,2,-193,1541.0,53.76082967156388,0.7300818609011701,2,1,0.46040654390156055,0.5798088045617864,24,36,50.54616497971552,7.7782053907997675,False,52,193,14,YAV2104xYAV2105_005_16_rigid_004011.tif,0.1296,2.0
0,30,1,-153,834.0,34.36353863005908,0.41360278969360104,3,3,12,2,-190,1551.0,59.278758536450404,0.821680813781024,5,2,0.6803435103123219,0.7256673673268592,53,22,42.81999821259675,1.0001254542990203,True,50,190,30,YAV2104xYAV2105_005_17_rigid_003011.tif,0.1296,2.0
1,30,1,-153,834.0,34.36353863005908,0.41360278969360104,3,3,19,2,-190,1366.0,57.173753618886,0.8367631720612639,5,2,1.19931905776712,0.6993677513880642,41,9,32.837772872791376,2.197361684841305,False,50,190,30,YAV2104xYAV2105_005_17_rigid_003011.tif,0.1296,2.0
2,30,1,-153,834.0,34.36353863005908,0.41360278969360104,3,3,21,2,-190,1393.0,50.7153018467879,0.7199426788501321,2,2,0.029195156556662827,1.4085961364478239,29,13,52.74459011391595,16.289784640556167,False,50,190,30,YAV2104xYAV2105_005_17_rigid_003011.tif,0.1296,2.0
3,11,1,-191,1302.0,46.450975594311096,0.6330146433497756,3,4,12,2,-191,1551.0,59.278758536450404,0.821680813781024,5,2,0.4369505226662662,1.3469802590689408,55,13,38.72582020715155,0.9674766435088241,False,50,191,12,YAV2104xYAV2105_005_17_rigid_003011.tif,0.1296,2.0
4,30,1,-154,834.0,34.36353863005908,0.41360278969360104,3,3,12,2,-191,1551.0,59.278758536450404,0.821680813781024,5,2,0.6803435103123219,0.7256673673268592,53,22,42.81999821259675,1.0001254542990203,True,50,191,12,YAV2104xYAV2105_005_17_rigid_003011.tif,0.1296,2.0
0,34,1,-171,1207.0,45.884402331354636,0.6721906540658128,4,3,14,2,-223,1758.0,65.0876058694649,0.844280771326289,4,2,1.0252005604171757,0.6033769846259777,49,7,76.74591906324632,33.27730271769673,False,82,223,34,YAV2104xYAV2105_005_18_rigid_003007.tif,0.1296,2.0
1,34,1,-171,1207.0,45.884402331354636,0.6721906540658128,4,3,27,2,-201,1117.0,41.19867423104571,0.5410591153288263,2,1,0.8212616738057372,1.5464259750604747,51,15,137.65634521648306,99.07555912620248,False,82,223,34,YAV2104xYAV2105_005_18_rigid_003007.tif,0.1296,2.0
2,34,1,-171,1207.0,45.884402331354636,0.6721906540658128,4,3,28,2,-188,1273.0,43.229735612035306,0.4892664187114128,5,4,0.5331334839716346,0.35232907065345165,54,26,44.22479308012403,3.238041950296272,True,82,223,34,YAV2104xYAV2105_005_18_rigid_003007.tif,0.1296,2.0
3,11,1,-223,1806.0,64.57693473691015,0.8305100469984322,2,3,28,2,-188,1273.0,43.229735612035306,0.4892664187114128,5,4,0.02964548027998326,0.26623882159056667,59,32,81.65879111937898,28.097462084352696,False,82,223,28,YAV2104xYAV2105_005_18_rigid_003007.tif,0.1296,2.0
4,25,1,-211,1455.0,52.70988010531267,0.7376514949585,5,2,28,2,-188,1273.0,43.229735612035306,0.4892664187114128,5,4,0.3183148239118392,0.027466307091873254,56,29,89.32125966942311,42.43030138894958,False,82,223,28,YAV2104xYAV2105_005_18_rigid_003007.tif,0.1296,2.0
5,33,1,-171,1281.0,44.658758054448946,0.5725468447879708,4,2,28,2,-188,1273.0,43.229735612035306,0.4892664187114128,5,4,1.3122585900897823,1.0926400228995994,47,19,73.19208588644753,34.01689079734836,False,82,223,28,YAV2104xYAV2105_005_18_rigid_003007.tif,0.1296,2.0
6,34,1,-171,1207.0,45.884402331354636,0.6721906540658128,4,3,28,2,-188,1273.0,43.229735612035306,0.4892664187114128,5,4,0.5331334839716346,0.35232907065345165,54,26,44.22479308012403,3.238041950296272,True,82,223,28,YAV2104xYAV2105_005_18_rigid_003007.tif,0.1296,2.0
0,17,1,-168,909.0,38.62512236375001,0.6237061136931596,4,2,14,2,-189,1173.0,40.768974045924345,0.42367803939704635,1,2,0.5478292077261644,1.084025783195592,54,10,56.396348105442314,19.383658552086157,False,48,189,14,YAV2104xYAV2105_005_18_rigid_003008.tif,0.1296,2.0
1,18,1,-168,1252.0,47.32045659445859,0.6958222131841418,2,1,14,2,-189,1173.0,40.768974045924345,0.42367803939704635,1,2,1.3831437903886865,0.22095178845040223,46,2,37.53200138987994,2.122506057851162,False,48,189,14,YAV2104xYAV2105_005_18_rigid_003008.tif,0.1296,2.0
0,25,1,-179,1278.0,43.008123853394835,0.45663005289899344,1,4,5,2,-216,1183.0,46.48625631172648,0.709170129319771,3,3,0.0979035464611545,0.19790336641344508,1,31,44.016717655798196,0.909228772688673,False,75,216,25,YAV2104xYAV2105_005_18_rigid_003010.tif,0.1296,2.0
1,25,1,-179,1278.0,43.008123853394835,0.45663005289899344,1,4,6,2,-216,1530.0,52.15167093490656,0.6955874074912236,2,1,0.7047083478402851,1.1141810906381164,37,19,68.42329300350274,29.034563388174945,False,75,216,25,YAV2104xYAV2105_005_18_rigid_003010.tif,0.1296,2.0
2,25,1,-179,1278.0,43.008123853394835,0.45663005289899344,1,4,11,2,-216,1908.0,61.87857576881313,0.7700079857023366,2,2,1.500927707937401,0.021042602284465417,45,59,71.861790212689,21.922141845110094,False,75,216,25,YAV2104xYAV2105_005_18_rigid_003010.tif,0.1296,2.0
3,25,1,-179,1278.0,43.008123853394835,0.45663005289899344,1,4,24,2,-198,1319.0,49.55930816150487,0.7273516301994458,3,2,0.6534238336698015,1.022219841795084,7,40,49.470682620774035,9.830684902112687,True,75,216,25,YAV2104xYAV2105_005_18_rigid_003010.tif,0.1296,2.0
4,7,1,-216,1478.0,51.174530445542544,0.6888460069253978,0,5,24,2,-198,1319.0,49.55930816150487,0.7273516301994458,3,2,0.7102556307069454,0.1946274505089237,23,2,65.64663138977521,18.391616079083224,False,75,216,24,YAV2104xYAV2105_005_18_rigid_003010.tif,0.1296,2.0
5,25,1,-179,1278.0,43.008123853394835,0.45663005289899344,1,4,24,2,-198,1319.0,49.55930816150487,0.7273516301994458,3,2,0.6534238336698015,1.022219841795084,7,40,49.470682620774035,9.830684902112687,True,75,216,24,YAV2104xYAV2105_005_18_rigid_003010.tif,0.1296,2.0
0,18,1,-196,1053.0,41.16916095586229,0.5914351791094925,1,4,8,2,-233,1574.0,61.830649254534706,0.8440798704764354,1,3,1.207295659138215,0.5578678632906233,18,6,54.91935762579903,11.868171995878232,False,92,233,18,YAV2104xYAV2105_005_19_rigid_003002.tif,0.1296,2.0
1,18,1,-196,1053.0,41.16916095586229,0.5914351791094925,1,4,9,2,-233,1225.0,47.224137576011266,0.70613091973053,2,1,0.6842441494960507,0.8850547090420848,52,39,33.598366040125704,3.3621631333645636,True,92,233,18,YAV2104xYAV2105_005_19_rigid_003002.tif,0.1296,2.0
2,18,1,-196,1053.0,41.16916095586229,0.5914351791094925,1,4,11,2,-233,1443.0,57.892317562073394,0.8304565035950295,3,4,0.4837741237437778,1.2772646403118624,25,17,35.85766452289188,2.175618729261667,False,92,233,18,YAV2104xYAV2105_005_19_rigid_003002.tif,0.1296,2.0
3,18,1,-196,1053.0,41.16916095586229,0.5914351791094925,1,4,12,2,-233,1057.0,40.09397338582351,0.5427856883971035,2,3,0.8458881192801457,0.03691828544449782,38,30,53.37476876315962,12.733053755251294,False,92,233,18,YAV2104xYAV2105_005_19_rigid_003002.tif,0.1296,2.0
4,18,1,-196,1053.0,41.16916095586229,0.5914351791094925,1,4,9,2,-233,1225.0,47.224137576011266,0.70613091973053,2,1,0.6842441494960507,0.8850547090420848,52,39,33.598366040125704,3.3621631333645636,True,92,233,9,YAV2104xYAV2105_005_19_rigid_003002.tif,0.1296,2.0
0,20,1,-179,1338.0,50.69830234496959,0.7296572355117328,1,4,44,2,-145,1108.0,42.38167162247618,0.613839215988476,3,2,1.5084625892971268,0.5177682394001217,16,35,36.99836310117009,2.20908653922697,False,38,179,44,YAV2104xYAV2105_005_19_rigid_003011.tif,0.1296,2.0
1,34,1,-169,1436.0,55.09120068263413,0.7964571504783841,1,5,44,2,-145,1108.0,42.38167162247618,0.613839215988476,3,2,1.080427689624523,0.09256752746674723,48,1,76.96048816382488,37.73043105994227,False,38,179,44,YAV2104xYAV2105_005_19_rigid_003011.tif,0.1296,2.0
0,40,1,-141,961.0,37.45766732641305,0.4714014761518249,1,4,29,2,-207,982.0,41.04492904836177,0.6612292734383957,4,3,0.2969250908221846,0.8172029080428053,3,8,37.999804551034906,0.7747119833104451,True,79,220,40,YAV2104xYAV2105_005_19_rigid_004006.tif,0.1296,2.0
1,40,1,-141,961.0,37.45766732641305,0.4714014761518249,1,4,31,2,-186,1031.0,40.96062656966241,0.6102650112114273,4,2,1.0209052510448828,0.7050410415375392,10,37,61.03737557496835,25.15596843934342,False,79,220,40,YAV2104xYAV2105_005_19_rigid_004006.tif,0.1296,2.0
2,40,1,-141,961.0,37.45766732641305,0.4714014761518249,1,4,33,2,-186,1004.0,39.014406404560475,0.5328657062542925,4,3,0.16292611283940595,0.3342515961436927,58,56,40.033490931180516,3.8221394069989523,False,79,220,40,YAV2104xYAV2105_005_19_rigid_004006.tif,0.1296,2.0
3,40,1,-141,961.0,37.45766732641305,0.4714014761518249,1,4,34,2,-186,891.0,37.828171050727434,0.5986047396867634,1,4,1.1372712503174878,1.277413967815036,49,17,57.70640321148293,24.06146885040423,False,79,220,40,YAV2104xYAV2105_005_19_rigid_004006.tif,0.1296,2.0
4,18,1,-220,1334.0,50.52423714311077,0.7312807258013888,0,6,29,2,-207,982.0,41.04492904836177,0.6612292734383957,4,3,0.06808051111046476,0.9016514767736226,30,38,63.783388204327906,20.76515971525612,False,79,220,29,YAV2104xYAV2105_005_19_rigid_004006.tif,0.1296,2.0
5,19,1,-220,1315.0,54.408275763094224,0.8199965168881486,1,6,29,2,-207,982.0,41.04492904836177,0.6612292734383957,4,3,0.02300730287276842,0.6067229906627118,59,23,72.4311260027226,27.613754178520477,False,79,220,29,YAV2104xYAV2105_005_19_rigid_004006.tif,0.1296,2.0
6,40,1,-141,961.0,37.45766732641305,0.4714014761518249,1,4,29,2,-207,982.0,41.04492904836177,0.6612292734383957,4,3,0.2969250908221846,0.8172029080428053,3,8,37.999804551034906,0.7747119833104451,True,79,220,29,YAV2104xYAV2105_005_19_rigid_004006.tif,0.1296,2.0
0,40,1,-207,1224.0,43.533930209476814,0.5557340016517984,6,3,16,2,-235,1506.0,56.74172698954389,0.7996028087701267,2,5,0.3166958117615639,0.5543542917854563,56,35,51.088300417557484,7.792203272659705,False,94,235,40,YAV2104xYAV2105_005_19_rigid_004008.tif,0.1296,2.0
1,40,1,-207,1224.0,43.533930209476814,0.5557340016517984,6,3,17,2,-235,1576.0,61.589353198892674,0.8409388618057523,2,7,0.6593065058205547,0.8550863026501603,23,9,42.19292785681103,3.7561752601594893,True,94,235,40,YAV2104xYAV2105_005_19_rigid_004008.tif,0.1296,2.0
2,40,1,-207,1224.0,43.533930209476814,0.5557340016517984,6,3,47,2,-181,964.0,37.162847803124926,0.45069625838987026,2,3,1.5322021408628546,1.4610928788061404,45,16,105.5996982514702,70.96048211788006,False,94,235,40,YAV2104xYAV2105_005_19_rigid_004008.tif,0.1296,2.0
3,7,1,-235,1364.0,51.37194190260124,0.7412151817617827,2,3,17,2,-235,1576.0,61.589353198892674,0.8409388618057523,2,7,0.7509576125444033,0.22335040921148241,52,26,88.05291052213043,38.5468577430115,False,94,235,17,YAV2104xYAV2105_005_19_rigid_004008.tif,0.1296,2.0
4,10,1,-235,1163.0,50.027023082476994,0.8019169156317153,4,2,17,2,-235,1576.0,61.589353198892674,0.8409388618057523,2,7,0.19651554797348858,0.7848827870509263,57,20,46.26708727697402,0.9422090349300387,False,94,235,17,YAV2104xYAV2105_005_19_rigid_004008.tif,0.1296,2.0
5,19,1,-235,1515.0,55.90775225198142,0.7820809449758558,1,3,17,2,-235,1576.0,61.589353198892674,0.8409388618057523,2,7,0.9358222843806583,0.881937824858821,10,49,33.08771746761567,0.7741160921914139,False,94,235,17,YAV2104xYAV2105_005_19_rigid_004008.tif,0.1296,2.0
6,24,1,-235,1674.0,55.802822444753396,0.7272485265084165,3,4,17,2,-235,1576.0,61.589353198892674,0.8409388618057523,2,7,0.6679573696572069,0.10757634139647276,7,58,56.07243440177857,5.39467466397361,False,94,235,17,YAV2104xYAV2105_005_19_rigid_004008.tif,0.1296,2.0
7,39,1,-207,1131.0,42.293242986934494,0.5882171863980594,4,2,17,2,-235,1576.0,61.589353198892674,0.8409388618057523,2,7,1.2511482156086506,1.0140993351449108,42,18,56.78143295291518,21.615796472293617,False,94,235,17,YAV2104xYAV2105_005_19_rigid_004008.tif,0.1296,2.0
8,40,1,-207,1224.0,43.533930209476814,0.5557340016517984,6,3,17,2,-235,1576.0,61.589353198892674,0.8409388618057523,2,7,0.6593065058205547,0.8550863026501603,23,9,42.19292785681103,3.7561752601594893,True,94,235,17,YAV2104xYAV2105_005_19_rigid_004008.tif,0.1296,2.0
9,51,1,-146,856.0,37.15346373733335,0.6103864688893901,3,3,17,2,-235,1576.0,61.589353198892674,0.8409388618057523,2,7,0.44282954927785356,0.08241274956341813,34,1,67.68594381362487,22.46187798839211,False,94,235,17,YAV2104xYAV2105_005_19_rigid_004008.tif,0.1296,2.0
0,31,1,-216,1233.0,42.43578096222947,0.46119545186735744,1,3,7,2,-230,1076.0,43.882271639106655,0.6984154763829677,2,1,1.1549586284985365,0.35309456752916146,11,33,77.28336323581817,36.173691462737835,False,89,230,31,YAV2104xYAV2105_005_20_rigid_003001.tif,0.1296,2.0
1,31,1,-216,1233.0,42.43578096222947,0.46119545186735744,1,3,10,2,-230,1640.0,49.25123765204954,0.5006600362141189,3,1,0.3774213794256407,0.8348258877604353,4,21,49.618082608317536,5.000007886412368,False,89,230,31,YAV2104xYAV2105_005_20_rigid_003001.tif,0.1296,2.0
2,31,1,-216,1233.0,42.43578096222947,0.46119545186735744,1,3,14,2,-230,1311.0,54.50186366954511,0.8240662145567508,4,2,0.6097632184089257,1.311317836066058,53,13,35.44645400147544,2.133851128347506,True,89,230,31,YAV2104xYAV2105_005_20_rigid_003001.tif,0.1296,2.0
3,31,1,-216,1233.0,42.43578096222947,0.46119545186735744,1,3,14,2,-230,1311.0,54.50186366954511,0.8240662145567508,4,2,0.6097632184089257,1.311317836066058,53,13,35.44645400147544,2.133851128347506,True,89,230,14,YAV2104xYAV2105_005_20_rigid_003001.tif,0.1296,2.0
4,32,1,-216,1421.0,49.2560062801837,0.6612700049490505,2,3,14,2,-230,1311.0,54.50186366954511,0.8240662145567508,4,2,1.176740846607121,0.43590086765308067,41,25,57.41446659942265,15.735166258592796,False,89,230,14,YAV2104xYAV2105_005_20_rigid_003001.tif,0.1296,2.0
0,33,1,-142,1089.0,44.151138550714634,0.6886739313883012,2,2,8,2,-157,1460.0,62.25131434703477,0.870142429993138,0,5,0.99599543381817,0.5683758121081031,10,52,30.8627969632168,0.47570624712565107,False,16,157,33,YAV2104xYAV2105_005_20_rigid_003002.tif,0.1296,2.0
1,33,1,-142,1089.0,44.151138550714634,0.6886739313883012,2,2,16,2,-157,1575.0,61.69764999244436,0.8397845138152648,2,2,1.5029790312277935,0.02687640130130564,44,59,61.104556988379926,12.685879765200449,True,16,157,33,YAV2104xYAV2105_005_20_rigid_003002.tif,0.1296,2.0
2,33,1,-142,1089.0,44.151138550714634,0.6886739313883012,2,2,16,2,-157,1575.0,61.69764999244436,0.8397845138152648,2,2,1.5029790312277935,0.02687640130130564,44,59,61.104556988379926,12.685879765200449,True,16,157,16,YAV2104xYAV2105_005_20_rigid_003002.tif,0.1296,2.0
3,34,1,-142,1032.0,40.76482292361961,0.6023786578280065,2,3,16,2,-157,1575.0,61.69764999244436,0.8397845138152648,2,2,0.8632547863457285,0.4488554934430411,21,54,49.00374402050929,4.016456301138285,False,16,157,16,YAV2104xYAV2105_005_20_rigid_003002.tif,0.1296,2.0
0,33,1,-157,1065.0,39.73792981761745,0.5002219773981125,3,4,6,2,-198,1375.0,53.20837807341565,0.7779765818362406,0,4,0.7458486916162627,0.29669589470328894,7,56,55.12499502635645,12.60364812249031,False,57,198,33,YAV2104xYAV2105_005_20_rigid_003003.tif,0.1296,2.0
1,33,1,-157,1065.0,39.73792981761745,0.5002219773981125,3,4,11,2,-198,1477.0,61.38164924428726,0.8584416594419337,1,5,0.14426719773991614,0.48809950389512785,28,5,55.94077479963702,10.13579483609199,False,57,198,33,YAV2104xYAV2105_005_20_rigid_003003.tif,0.1296,2.0
2,33,1,-157,1065.0,39.73792981761745,0.5002219773981125,3,4,15,2,-198,1789.0,59.08806328635412,0.7514229684508966,3,6,0.8706135451718797,1.2930506797751096,38,17,38.054986966511855,1.6380755326863794,True,57,198,33,YAV2104xYAV2105_005_20_rigid_003003.tif,0.1296,2.0
3,33,1,-157,1065.0,39.73792981761745,0.5002219773981125,3,4,20,2,-198,1456.0,51.63917615976027,0.7128501571301525,2,2,1.3111297382327365,0.15527648135830052,47,31,146.6648644773691,102.76550621647979,False,57,198,33,YAV2104xYAV2105_005_20_rigid_003003.tif,0.1296,2.0
4,8,1,-198,1438.0,51.33150503115074,0.7130073953540134,4,2,15,2,-198,1789.0,59.08806328635412,0.7514229684508966,3,6,0.023845831182277788,1.2313079269718594,30,12,93.0156775286756,46.68459240927186,False,57,198,15,YAV2104xYAV2105_005_20_rigid_003003.tif,0.1296,2.0
5,13,1,-198,1167.0,45.4050342178606,0.6835773399973956,3,1,15,2,-198,1789.0,59.08806328635412,0.7514229684508966,3,6,0.05715014112850891,0.8880831623776089,31,9,80.70010186209335,34.47300037379453,False,57,198,15,YAV2104xYAV2105_005_20_rigid_003003.tif,0.1296,2.0
6,28,1,-163,1234.0,41.3494262623986,0.38934443548529857,1,3,15,2,-198,1789.0,59.08806328635412,0.7514229684508966,3,6,0.0735727450857845,0.3636782562000236,1,34,92.34117640793546,44.60295276749039,False,57,198,15,YAV2104xYAV2105_005_20_rigid_003003.tif,0.1296,2.0
7,29,1,-163,1134.0,40.15232869484779,0.4320632050237821,1,5,15,2,-198,1789.0,59.08806328635412,0.7514229684508966,3,6,0.8151572839530905,0.7145094460932482,52,38,55.114780859713456,14.17231098446103,False,57,198,15,YAV2104xYAV2105_005_20_rigid_003003.tif,0.1296,2.0
8,32,1,-157,1013.0,38.754440339888674,0.5020312435347715,4,3,15,2,-198,1789.0,59.08806328635412,0.7514229684508966,3,6,0.3438179703730171,0.5578817122180841,33,24,60.41530411931135,14.000457118727754,False,57,198,15,YAV2104xYAV2105_005_20_rigid_003003.tif,0.1296,2.0
9,33,1,-157,1065.0,39.73792981761745,0.5002219773981125,3,4,15,2,-198,1789.0,59.08806328635412,0.7514229684508966,3,6,0.8706135451718797,1.2930506797751096,38,17,38.054986966511855,1.6380755326863794,True,57,198,15,YAV2104xYAV2105_005_20_rigid_003003.tif,0.1296,2.0
0,20,1,-175,1190.0,42.48390197482389,0.5377731442737398,2,2,30,2,-152,1396.0,48.01085530157559,0.6321221968453552,2,5,0.010966143147530971,0.09175788765825077,30,1,62.15073910258798,15.291344669104783,False,34,175,20,YAV2104xYAV2105_005_20_rigid_003006.tif,0.1296,2.0
1,20,1,-175,1190.0,42.48390197482389,0.5377731442737398,2,2,31,2,-152,1125.0,38.6315221154281,0.24999889416999144,2,5,0.4625080644850952,0.3210610244444059,25,33,40.67166540357266,3.2074325058404627,True,34,175,20,YAV2104xYAV2105_005_20_rigid_003006.tif,0.1296,2.0
2,8,1,-175,1230.0,43.96804571612571,0.5794156442004366,2,3,31,2,-152,1125.0,38.6315221154281,0.24999889416999144,2,5,1.4735364473855252,1.1737050006099838,45,11,84.87926562473709,47.40050449075788,False,34,175,31,YAV2104xYAV2105_005_20_rigid_003006.tif,0.1296,2.0
3,10,1,-175,1507.0,54.27014016463275,0.754288183365664,1,4,31,2,-152,1125.0,38.6315221154281,0.24999889416999144,2,5,0.952959433871527,0.763998519330059,39,7,77.16900182986309,38.23469078111256,False,34,175,31,YAV2104xYAV2105_005_20_rigid_003006.tif,0.1296,2.0
4,18,1,-175,1327.0,50.08745607647269,0.7351271121472935,3,2,31,2,-152,1125.0,38.6315221154281,0.24999889416999144,2,5,0.22424987092442894,0.08410852579366557,57,29,57.23592343839442,12.175725223229982,False,34,175,31,YAV2104xYAV2105_005_20_rigid_003006.tif,0.1296,2.0
5,20,1,-175,1190.0,42.48390197482389,0.5377731442737398,2,2,31,2,-152,1125.0,38.6315221154281,0.24999889416999144,2,5,0.4625080644850952,0.3210610244444059,25,33,40.67166540357266,3.2074325058404627,True,34,175,31,YAV2104xYAV2105_005_20_rigid_003006.tif,0.1296,2.0
6,23,1,-175,1570.0,51.746258260115454,0.6562964140577953,1,1,31,2,-152,1125.0,38.6315221154281,0.24999889416999144,2,5,1.3833702693733552,1.4958467614771855,16,44,96.1615048886111,57.10242827980658,False,34,175,31,YAV2104xYAV2105_005_20_rigid_003006.tif,0.1296,2.0
0,13,1,-203,1186.0,49.720751677899074,0.7872738306419547,1,4,16,2,-203,1271.0,51.02437116918705,0.7780820642147704,2,2,0.12166550669802412,0.9020197057873447,31,20,38.4912497152006,1.0476545485929687,False,73,203,16,YAV2104xYAV2105_005_20_rigid_003009.tif,0.1296,2.0
1,32,1,-168,1076.0,40.16698244169249,0.5153599647578,1,3,16,2,-203,1271.0,51.02437116918705,0.7780820642147704,2,2,1.0155869856809963,0.026718996172439446,20,59,50.70378246863497,5.659885095606329,False,73,203,16,YAV2104xYAV2105_005_20_rigid_003009.tif,0.1296,2.0
0,20,1,-169,1213.0,45.88649184020302,0.6717212375271272,5,3,1,2,-196,1494.0,49.95655998684518,0.641661934395473,3,1,0.5868045870249448,1.0130257005982743,6,49,74.16681617795416,32.87675233953603,False,55,196,20,YAV2104xYAV2105_005_20_rigid_003010.tif,0.1296,2.0
1,20,1,-169,1213.0,45.88649184020302,0.6717212375271272,5,3,3,2,-196,1381.0,50.6471595144299,0.719826688867408,3,3,0.19049701140480738,1.5316265836004597,2,45,56.96965946278795,17.674007157414156,False,55,196,20,YAV2104xYAV2105_005_20_rigid_003010.tif,0.1296,2.0
2,20,1,-169,1213.0,45.88649184020302,0.6717212375271272,5,3,23,2,-168,1182.0,45.587681747253,0.6849329147226413,4,3,0.5474996450099572,0.8988892703567455,24,39,35.27520623170798,1.489418756574689,True,55,196,20,YAV2104xYAV2105_005_20_rigid_003010.tif,0.1296,2.0
3,10,1,-196,1207.0,45.81310249868021,0.6721868650558881,3,4,23,2,-168,1182.0,45.587681747253,0.6849329147226413,4,3,1.15054048383709,0.138829811624952,18,28,53.32716644015064,12.297579683078643,False,55,196,23,YAV2104xYAV2105_005_20_rigid_003010.tif,0.1296,2.0
4,20,1,-169,1213.0,45.88649184020302,0.6717212375271272,5,3,23,2,-168,1182.0,45.587681747253,0.6849329147226413,4,3,0.5474996450099572,0.8988892703567455,24,39,35.27520623170798,1.489418756574689,True,55,196,23,YAV2104xYAV2105_005_20_rigid_003010.tif,0.1296,2.0
5,21,1,-169,1528.0,50.18545278805325,0.6319825380245181,5,4,23,2,-168,1182.0,45.587681747253,0.6849329147226413,4,3,0.046171962857225246,0.5203431258250344,29,35,62.65616872745236,17.170050969729694,False,55,196,23,YAV2104xYAV2105_005_20_rigid_003010.tif,0.1296,2.0
0,35,1,-154,952.0,35.36634987357397,0.1970399995309134,1,4,13,2,-189,1240.0,48.51542515474495,0.7369774727288211,2,2,1.0101751285602596,0.027028136507381895,20,59,51.35607876265775,7.780550278766657,False,48,189,35,YAV2104xYAV2105_005_20_rigid_003011.tif,0.1296,2.0
1,35,1,-154,952.0,35.36634987357397,0.1970399995309134,1,4,14,2,-189,1204.0,46.06814440013442,0.6847465044795215,1,4,1.199012095125639,0.5792089749394895,11,36,38.42818689984478,0.8266248463975975,True,48,189,35,YAV2104xYAV2105_005_20_rigid_003011.tif,0.1296,2.0
2,35,1,-154,952.0,35.36634987357397,0.1970399995309134,1,4,20,2,-189,1450.0,48.596710697946214,0.6178915413427242,3,3,0.7713515813917216,1.3249639158098443,37,17,47.917271413266455,10.716146596380977,False,48,189,35,YAV2104xYAV2105_005_20_rigid_003011.tif,0.1296,2.0
3,35,1,-154,952.0,35.36634987357397,0.1970399995309134,1,4,21,2,-189,1189.0,50.79320350641903,0.8085320445975063,1,6,1.3312851956045666,0.769623641297573,47,21,34.17940984566555,1.5635272966053735,False,48,189,35,YAV2104xYAV2105_005_20_rigid_003011.tif,0.1296,2.0
4,9,1,-189,1191.0,49.86328771658777,0.7868596839040227,1,5,14,2,-189,1204.0,46.06814440013442,0.6847465044795215,1,4,0.6507267398633134,0.6214315936273904,52,7,34.048785379190996,1.9750233544449758,False,48,189,14,YAV2104xYAV2105_005_20_rigid_003011.tif,0.1296,2.0
5,11,1,-189,1229.0,45.66356035881187,0.6540498961475896,5,5,14,2,-189,1204.0,46.06814440013442,0.6847465044795215,1,4,1.4337587989206302,0.13071954952488163,45,58,40.62980236407992,2.071273844843151,False,48,189,14,YAV2104xYAV2105_005_20_rigid_003011.tif,0.1296,2.0
6,34,1,-154,1219.0,42.37277747786214,0.4974506569751273,5,2,14,2,-189,1204.0,46.06814440013442,0.6847465044795215,1,4,0.8608943659274191,1.4059948264883744,21,46,38.05998543493303,2.927177570622926,False,48,189,14,YAV2104xYAV2105_005_20_rigid_003011.tif,0.1296,2.0
7,35,1,-154,952.0,35.36634987357397,0.1970399995309134,1,4,14,2,-189,1204.0,46.06814440013442,0.6847465044795215,1,4,1.199012095125639,0.5792089749394895,11,36,38.42818689984478,0.8266248463975975,True,48,189,14,YAV2104xYAV2105_005_20_rigid_003011.tif,0.1296,2.0
0,38,1,-165,998.0,40.658580148372515,0.6340758639160898,2,5,17,2,-206,1485.0,48.417734902804966,0.5861685026319531,2,3,0.25809862661631433,0.6070613110317257,32,6,49.691630079044934,6.445815332569876,True,65,206,38,YAV2104xYAV2105_005_20_rigid_003012.tif,0.1296,2.0
1,38,1,-165,998.0,40.658580148372515,0.6340758639160898,2,5,18,2,-206,1155.0,49.796092429867116,0.8032930637478686,2,4,0.505362836136225,0.41506946771296604,24,35,36.82988454799552,1.2878197185110856,False,65,206,38,YAV2104xYAV2105_005_20_rigid_003012.tif,0.1296,2.0
2,38,1,-165,998.0,40.658580148372515,0.6340758639160898,2,5,21,2,-206,1198.0,44.62865766331724,0.6330919582655512,2,4,0.8401248957003933,0.8928190809186463,38,21,34.658463706789874,1.7143317995113732,False,65,206,38,YAV2104xYAV2105_005_20_rigid_003012.tif,0.1296,2.0
3,38,1,-165,998.0,40.658580148372515,0.6340758639160898,2,5,24,2,-206,1257.0,51.39638289990693,0.7897156035934492,2,4,0.03558942072320015,0.06852777811908206,59,29,52.7493735843564,9.201814026386701,False,65,206,38,YAV2104xYAV2105_005_20_rigid_003012.tif,0.1296,2.0
4,38,1,-165,998.0,40.658580148372515,0.6340758639160898,2,5,26,2,-206,1310.0,54.96823672091052,0.8308413214138703,2,3,0.5160270880720521,0.2582520015569346,54,3,49.669783765224366,5.44240945612822,False,65,206,38,YAV2104xYAV2105_005_20_rigid_003012.tif,0.1296,2.0
5,19,1,-206,1462.0,53.629309221647326,0.7560618064616779,1,3,17,2,-206,1485.0,48.417734902804966,0.5861685026319531,2,3,0.4126501398026954,1.4034653524584915,5,46,44.60378091609234,3.1797807488102614,False,65,206,17,YAV2104xYAV2105_005_20_rigid_003012.tif,0.1296,2.0
6,36,1,-171,1030.0,38.722194204195596,0.4726615125193146,2,5,17,2,-206,1485.0,48.417734902804966,0.5861685026319531,2,3,0.5890278263056166,1.3379427734626441,35,17,48.481749656419275,10.653772786208325,False,65,206,17,YAV2104xYAV2105_005_20_rigid_003012.tif,0.1296,2.0
7,38,1,-165,998.0,40.658580148372515,0.6340758639160898,2,5,17,2,-206,1485.0,48.417734902804966,0.5861685026319531,2,3,0.25809862661631433,0.6070613110317257,32,6,49.691630079044934,6.445815332569876,True,65,206,17,YAV2104xYAV2105_005_20_rigid_003012.tif,0.1296,2.0
0,12,1,-217,1429.0,53.385922195647055,0.763292337390826,1,5,14,2,-217,1162.0,43.86363976943123,0.6236621498009721,3,2,0.0,0.5948653289955139,0,35,61.59392882436303,14.408079713849267,False,76,217,14,YAV2104xYAV2105_005_20_rigid_003014.tif,0.1296,2.0
1,32,1,-182,1039.0,38.03412724293807,0.38655673592260414,0,3,14,2,-217,1162.0,43.86363976943123,0.6236621498009721,3,2,1.0570151535909957,0.6596698637027107,40,23,79.18495855840163,39.48917939835722,False,76,217,14,YAV2104xYAV2105_005_20_rigid_003014.tif,0.1296,2.0
0,21,1,-161,975.0,39.02430088539,0.574146101203512,3,2,7,2,-203,1747.0,64.13658344175634,0.83205133255186,2,4,0.8619916561567758,0.294531795507635,51,27,62.74009451695494,12.752534114360706,False,62,203,21,20221225_vd_02_05_R3D_rigid_003001.tif,0.1296,2.0
1,21,1,-161,975.0,39.02430088539,0.574146101203512,3,2,16,2,-173,1243.0,45.74398640478446,0.6449919543815914,1,3,0.7184922729222794,0.30891046098001507,22,56,47.36121874485963,7.791836130789445,True,62,203,21,20221225_vd_02_05_R3D_rigid_003001.tif,0.1296,2.0
2,19,1,-162,1192.0,46.75931702987549,0.7187593242876323,3,3,16,2,-173,1243.0,45.74398640478446,0.6449919543815914,1,3,0.868842558304519,0.36312736148792835,39,4,46.352645680206706,6.381907820187956,False,62,203,16,20221225_vd_02_05_R3D_rigid_003001.tif,0.1296,2.0
3,20,1,-162,945.0,42.804207962787316,0.748560514456812,4,3,16,2,-173,1243.0,45.74398640478446,0.6449919543815914,1,3,0.676484651525235,0.09084359127247076,37,1,77.23381772895225,37.00114783469392,False,62,203,16,20221225_vd_02_05_R3D_rigid_003001.tif,0.1296,2.0
4,21,1,-161,975.0,39.02430088539,0.574146101203512,3,2,16,2,-173,1243.0,45.74398640478446,0.6449919543815914,1,3,0.7184922729222794,0.30891046098001507,22,56,47.36121874485963,7.791836130789445,True,62,203,16,20221225_vd_02_05_R3D_rigid_003001.tif,0.1296,2.0
0,23,1,-171,1132.0,42.98048776741319,0.6217197988055092,2,3,8,2,-197,1420.0,54.33968857695931,0.7854132657519444,3,2,0.5907479688019492,0.6791725284440964,35,7,62.94935728285576,19.87816854819624,False,56,197,23,20221225_vd_02_12_R3D_rigid_003001.tif,0.1296,2.0
1,23,1,-171,1132.0,42.98048776741319,0.6217197988055092,2,3,27,2,-153,1066.0,44.56817588215838,0.7243516378645956,4,3,0.5971178479722368,1.1489363255699674,23,48,59.850369034506976,22.333401231452,False,56,197,23,20221225_vd_02_12_R3D_rigid_003001.tif,0.1296,2.0
2,23,1,-171,1132.0,42.98048776741319,0.6217197988055092,2,3,28,2,-153,1030.0,45.34114775192332,0.7631319770523813,3,2,0.2803048000961801,0.25031748835752776,32,3,40.895744664031184,0.729478691355513,True,56,197,23,20221225_vd_02_12_R3D_rigid_003001.tif,0.1296,2.0
3,23,1,-171,1132.0,42.98048776741319,0.6217197988055092,2,3,28,2,-153,1030.0,45.34114775192332,0.7631319770523813,3,2,0.2803048000961801,0.25031748835752776,32,3,40.895744664031184,0.729478691355513,True,56,197,28,20221225_vd_02_12_R3D_rigid_003001.tif,0.1296,2.0
4,24,1,-171,1205.0,42.582350871817106,0.516986132041307,2,1,28,2,-153,1030.0,45.34114775192332,0.7631319770523813,3,2,1.411024267959803,0.016408444890050333,43,59,73.18807563627907,30.000473985950386,False,56,197,28,20221225_vd_02_12_R3D_rigid_003001.tif,0.1296,2.0
0,10,1,-177,1460.0,50.81847703123729,0.6929110285981587,2,2,4,2,-177,1515.0,49.738045929790296,0.6179911840594231,1,2,0.0,1.3978862548600608,0,43,93.29646934480212,48.930449292323246,False,36,177,4,20221225_vd_02_15_R3D_rigid_003001.tif,0.1296,2.0
1,12,1,-172,1186.0,43.71629907394737,0.5967826194572702,4,2,4,2,-177,1515.0,49.738045929790296,0.6179911840594231,1,2,1.1845363553545722,0.931827933929176,11,39,83.98078298859627,46.08374569496608,False,36,177,4,20221225_vd_02_15_R3D_rigid_003001.tif,0.1296,2.0
0,17,1,-203,1038.0,38.322931886397555,0.42048027893800105,1,3,4,2,-226,1528.0,57.277501717352216,0.799623097056629,1,2,0.05161389249005044,0.4668063514979073,59,54,65.57563349396328,21.082870067271653,False,85,226,17,20221225_vd_02_19_R3D_rigid_004001.tif,0.1296,2.0
1,17,1,-203,1038.0,38.322931886397555,0.42048027893800105,1,3,20,2,-185,1138.0,44.65249997380965,0.6835283567111825,3,2,0.6761092943417601,1.0234832944708998,53,49,36.49524893185642,1.1176938715925033,False,85,226,17,20221225_vd_02_19_R3D_rigid_004001.tif,0.1296,2.0
2,17,1,-203,1038.0,38.322931886397555,0.42048027893800105,1,3,21,2,-185,1045.0,38.40093252080907,0.4169272875027135,3,1,1.1335836609322598,0.7421770055693471,40,37,34.47386794037564,0.7105774726553054,True,85,226,17,20221225_vd_02_19_R3D_rigid_004001.tif,0.1296,2.0
3,17,1,-203,1038.0,38.322931886397555,0.42048027893800105,1,3,21,2,-185,1045.0,38.40093252080907,0.4169272875027135,3,1,1.1335836609322598,0.7421770055693471,40,37,34.47386794037564,0.7105774726553054,True,85,226,21,20221225_vd_02_19_R3D_rigid_004001.tif,0.1296,2.0
0,28,1,-181,990.0,40.68705872048851,0.6446603578359584,4,1,20,2,-223,1307.0,46.71415746021911,0.6370789445562043,1,2,1.2653523328245249,0.038536109063860735,17,29,40.56434199068905,3.2793708727366186,True,88,229,28,20221225_vd_02_27_R3D_rigid_003001.tif,0.1296,2.0
1,22,1,-212,1382.0,46.20648933931816,0.5545381794820501,4,2,20,2,-223,1307.0,46.71415746021911,0.6370789445562043,1,2,1.2990010164222694,0.9580385087185146,47,20,72.00603947188701,31.82923072642535,False,88,229,20,20221225_vd_02_27_R3D_rigid_003001.tif,0.1296,2.0
2,28,1,-181,990.0,40.68705872048851,0.6446603578359584,4,1,20,2,-223,1307.0,46.71415746021911,0.6370789445562043,1,2,1.2653523328245249,0.038536109063860735,17,29,40.56434199068905,3.2793708727366186,True,88,229,20,20221225_vd_02_27_R3D_rigid_003001.tif,0.1296,2.0
0,18,1,-161,980.0,40.57324022214367,0.6484717361744763,1,2,10,2,-214,1315.0,46.9504809196428,0.6448370553139657,1,2,0.1988241978347398,0.6624143358190193,32,23,37.666936755418284,0.9234274527423291,True,78,219,18,20221225_vd_02_34_R3D_rigid_003001.tif,0.1296,2.0
1,18,1,-161,980.0,40.57324022214367,0.6484717361744763,1,2,13,2,-209,1299.0,48.281855537600045,0.7007654404954613,1,4,1.115121621069555,0.8029741139664663,11,51,49.2049587091707,11.274880422966866,False,78,219,18,20221225_vd_02_34_R3D_rigid_003001.tif,0.1296,2.0
2,18,1,-161,980.0,40.57324022214367,0.6484717361744763,1,2,10,2,-214,1315.0,46.9504809196428,0.6448370553139657,1,2,0.1988241978347398,0.6624143358190193,32,23,37.666936755418284,0.9234274527423291,True,78,219,10,20221225_vd_02_34_R3D_rigid_003001.tif,0.1296,2.0
3,19,1,-161,1008.0,40.11124541658009,0.5975980257861664,2,3,10,2,-214,1315.0,46.9504809196428,0.6448370553139657,1,2,0.7523821284979295,0.8542354251949422,22,9,48.37726128199607,13.287947407176292,False,78,219,10,20221225_vd_02_34_R3D_rigid_003001.tif,0.1296,2.0
